[{"start":"var.json"},{"var.json":"{\"sys\": {\n  \"app\": {\n    \"versionType\": [\n      \"e\",\n      \"发布的版本类型。\",\n      {\"type\": \"string\"}\n    ],\n    \"date\": [\n      \"2019-03-30\",\n      \"版本发布日期。\",\n      {\"type\": \"string\"}\n    ],\n    \"copyright\": [\n      \"&copy; <a href=\\\"http://www.geejing.com\\\" target=\\\"_blank\\\">geejing.com<\\/a>, all rights reserved.\",\n      \"版权声明信息。\",\n      {\"type\": \"string\"}\n    ],\n    \"jsLinks\": [\n      \"\",\n      \"前端加载的js链接列表，多个链接以分号分隔。\",\n      {\"type\": \"string\"}\n    ],\n    \"serialNumber\": [\n      \"\",\n      \"WebBuilder 产品的唯一注册序列号。\",\n      {\"type\": \"string\"}\n    ],\n    \"touchTheme\": [\n      \"classic\",\n      \"移动应用默认采用的界面方案。\",\n      {\n        \"list\": [\n          \"classic\",\n          \"apple\",\n          \"bb10\",\n          \"cupertino\",\n          \"mountainview\",\n          \"tizen\",\n          \"wp\"\n        ],\n        \"type\": \"enum\"\n      }\n    ],\n    \"versionTitle\": [\n      \"企业版(完全版)\",\n      \"应用版本标题。\",\n      {\"type\": \"string\"}\n    ],\n    \"licensee\": [\n      \"\",\n      \"持有合法授权许可的被授权人名称。\",\n      {\"type\": \"string\"}\n    ],\n    \"cssLinks\": [\n      \"\",\n      \"前端加载的css链接列表，多个链接以分号分隔。\",\n      {\"type\": \"string\"}\n    ],\n    \"title\": [\n      \"WebBuilder 8\",\n      \"应用标题。\",\n      {\"type\": \"string\"}\n    ],\n    \"version\": [\n      \"8.5\",\n      \"应用版本号。\",\n      {\"type\": \"string\"}\n    ],\n    \"homeShowApp\": [\n      false,\n      \"在主页home模块列表中是否显示移动App。\",\n      {\"type\": \"bool\"}\n    ],\n    \"theme\": [\n      \"modern\",\n      \"常规应用默认采用的界面方案。\",\n      {\n        \"list\": [\n          \"classic\",\n          \"gray\",\n          \"neptune\",\n          \"modern\"\n        ],\n        \"type\": \"enum\"\n      }\n    ],\n    \"portletHeader\": [\n      true,\n      \"是否显示Portlet的header。\",\n      {\"type\": \"bool\"}\n    ],\n    \"account\": {\n      \"allowRegister\": [\n        false,\n        \"是否允许用户通过注册的方式添加一个新的用户帐户。\",\n        {\"type\": \"bool\"}\n      ],\n      \"registerUserRole\": [\n        \"demo\",\n        \"通过注册方式添加的用户默认具有的角色id。\",\n        {\"type\": \"string\"}\n      ]\n    }\n  },\n  \"cache\": {\n    \"gzipMinSize\": [\n      6144,\n      \"超过该字节大小的文件以GZip格式进行缓存。\",\n      {\"type\": \"int\"}\n    ],\n    \"maxAge\": [\n      -1,\n      \"浏览器缓存资源文件时长，-1默认策略，0不缓存，值大于0缓存以秒为单位的时长。\",\n      {\"type\": \"int\"}\n    ],\n    \"checkModified\": [\n      true,\n      \"客户端获取文件时是否检查缓存的文件是否更新。\",\n      {\"type\": \"bool\"}\n    ],\n    \"enabled\": [\n      true,\n      \"是否启用服务器端文件缓存机制。\",\n      {\"type\": \"bool\"}\n    ]\n  },\n  \"controls\": {\n    \"limitRecords\": [\n      1000,\n      \"查询时默认最多允许单次输出到客户端的记录数。\",\n      {\"type\": \"int\"}\n    ],\n    \"limitExportRecords\": [\n      10000,\n      \"导出时默认最多允许单次输出到客户端的记录数。\",\n      {\"type\": \"int\"}\n    ]\n  },\n  \"debug\": [\n    true,\n    \"是否是调试模式。\",\n    {\"type\": \"bool\"}\n  ],\n  \"log\": [\n    true,\n    \"是否记录系统日志信息。\",\n    {\"type\": \"bool\"}\n  ],\n  \"homeMobile\": [\n    \"thome\",\n    \"移动设备主页登录后转到的地址。\",\n    {\"type\": \"string\"}\n  ],\n  \"session\": {\n    \"ajaxTimeout\": [\n      0,\n      \"客户端ajax操作超时时长，单位为毫秒。0表示使用默认值（30秒），-1表示不超时。\",\n      {\"type\": \"int\"}\n    ],\n    \"maskTimeout\": [\n      2000,\n      \"超过多长时间操作未返回显示mask和信息，单位为毫秒，0表示始终显示mask。\",\n      {\"type\": \"int\"}\n    ],\n    \"verifyImage\": {\n      \"fontName\": [\n        \"Tahoma\",\n        \"验证码使用的字体。\",\n        {\"type\": \"string\"}\n      ],\n      \"fontStyle\": [\n        \"bold\",\n        \"验证码字体样式。\",\n        {\n          \"list\": [\n            \"plain\",\n            \"bold\",\n            \"italic\"\n          ],\n          \"type\": \"enum\"\n        }\n      ],\n      \"enabled\": [\n        false,\n        \"是否启用登录时验证码验证功能。\",\n        {\"type\": \"bool\"}\n      ]\n    },\n    \"recordSession\": [\n      true,\n      \"是否记录Session对象。\",\n      {\"type\": \"bool\"}\n    ],\n    \"submitTimeout\": [\n      8000,\n      \"使用WebUtil.submit方法默认的超时时长，单位为毫秒。0表示不超时。\",\n      {\"type\": \"int\"}\n    ],\n    \"uniqueLogin\": [\n      false,\n      \"每个用户帐户是否只允许维持单个会话。\",\n      {\"type\": \"bool\"}\n    ],\n    \"sessionTimeout\": [\n      -3,\n      \"服务器端会话超时时长，单位为秒。-3表示使用服务器默认值，-2表示最大整数值。\",\n      {\"type\": \"int\"}\n    ],\n    \"autoLogout\": [\n      false,\n      \"当关闭home主页时是否自动注销当前会话。\",\n      {\"type\": \"bool\"}\n    ],\n    \"sessionVars\": [\n      \"theme,touchTheme,editTheme\",\n      \"以逗号分隔的存储到session属性值名称列表，这些属性值来源于value表。\",\n      {\"type\": \"string\"}\n    ]\n  },\n  \"ide\": {\n    \"sysFolderBase\": [\n      \"root\",\n      \"文件列表系统目录的根目录。\",\n      {\n        \"list\": [\n          \"root\",\n          \"server\",\n          \"app\"\n        ],\n        \"type\": \"enum\"\n      }\n    ],\n    \"consolePrint\": [\n      true,\n      \"是否在IDE所在的浏览器控制台中打印信息。\",\n      {\"type\": \"bool\"}\n    ],\n    \"searchIgnoreRelease\": [\n      true,\n      \"搜索文件时是否忽略自动生成的发布版本文件。\",\n      {\"type\": \"bool\"}\n    ],\n    \"syncPath\": [\n      \"\",\n      \"对文件的所有操作自动同步到该目录。\",\n      {\"type\": \"string\"}\n    ],\n    \"fileTitle\": [\n      true,\n      \"在文件列表树中是否显示文件的标题。\",\n      {\"type\": \"bool\"}\n    ],\n    \"releasePath\": [\n      \"\",\n      \"生成软件包时的发布目录。\",\n      {\"type\": \"string\"}\n    ],\n    \"editTheme\": [\n      \"default\",\n      \"默认采用的脚本编辑器方案。\",\n      {\n        \"list\": [\n          \"default\",\n          \"night\",\n          \"blackboard\",\n          \"eclipse\",\n          \"mbo\",\n          \"rubyblue\"\n        ],\n        \"type\": \"enum\"\n      }\n    ],\n    \"sourcePath\": [\n      \"\",\n      \"源代码根目录。\",\n      {\"type\": \"string\"}\n    ]\n  },\n  \"locale\": {\n    \"urlEncoding\": [\n      \"\",\n      \"应用服务器对URL使用的编码，可能值为iso-8859-1或utf-8。\",\n      {\"type\": \"string\"}\n    ],\n    \"charset\": [\n      \"\",\n      \"应用之外默认使用的编码，为空表示基于操作系统。\",\n      {\"type\": \"string\"}\n    ],\n    \"defaultLanguage\": [\n      \"en\",\n      \"如果找不到指定的语言定义，使用的默认语言。\",\n      {\n        \"list\": [\n          \"af\",\n          \"bg\",\n          \"ca\",\n          \"cs\",\n          \"da\",\n          \"de\",\n          \"el\",\n          \"en\",\n          \"en_AU\",\n          \"en_GB\",\n          \"es\",\n          \"et\",\n          \"fa\",\n          \"fi\",\n          \"fr\",\n          \"fr_CA\",\n          \"he\",\n          \"hr\",\n          \"hu\",\n          \"id\",\n          \"it\",\n          \"ja\",\n          \"ko\",\n          \"lt\",\n          \"lv\",\n          \"mk\",\n          \"nl\",\n          \"no\",\n          \"no_NN\",\n          \"pl\",\n          \"pt\",\n          \"pt_BR\",\n          \"pt_PT\",\n          \"ro\",\n          \"ru\",\n          \"sk\",\n          \"sl\",\n          \"sr\",\n          \"sr_RS\",\n          \"sv\",\n          \"th\",\n          \"tr\",\n          \"uk\",\n          \"vi\",\n          \"zh\",\n          \"zh_TW\"\n        ],\n        \"type\": \"enum\"\n      }\n    ],\n    \"useLocalTime\": [\n      false,\n      \"是否根据时差，把服务器端时间转换成客户端时间。\",\n      {\"type\": \"bool\"}\n    ],\n    \"language\": [\n      \"auto\",\n      \"系统使用的语言。\",\n      {\n        \"list\": [\n          \"auto\",\n          \"af\",\n          \"bg\",\n          \"ca\",\n          \"cs\",\n          \"da\",\n          \"de\",\n          \"el\",\n          \"en\",\n          \"en_AU\",\n          \"en_GB\",\n          \"es\",\n          \"et\",\n          \"fa\",\n          \"fi\",\n          \"fr\",\n          \"fr_CA\",\n          \"he\",\n          \"hr\",\n          \"hu\",\n          \"id\",\n          \"it\",\n          \"ja\",\n          \"ko\",\n          \"lt\",\n          \"lv\",\n          \"mk\",\n          \"nl\",\n          \"no\",\n          \"no_NN\",\n          \"pl\",\n          \"pt\",\n          \"pt_BR\",\n          \"pt_PT\",\n          \"ro\",\n          \"ru\",\n          \"sk\",\n          \"sl\",\n          \"sr\",\n          \"sr_RS\",\n          \"sv\",\n          \"th\",\n          \"tr\",\n          \"uk\",\n          \"vi\",\n          \"zh\",\n          \"zh_TW\"\n        ],\n        \"type\": \"enum\"\n      }\n    ],\n    \"lineSeparator\": [\n      \"\\\\r\\\\n\",\n      \"输出至用户文件时使用的换行符号。\",\n      {\n        \"list\": [\n          \"\\\\r\\\\n\",\n          \"\\\\n\",\n          \"\\\\r\"\n        ],\n        \"type\": \"enum\"\n      }\n    ],\n    \"filenameCharset\": [\n      \"\",\n      \"文件名称使用的编码，为空表示基于操作系统。\",\n      {\"type\": \"string\"}\n    ],\n    \"mailCharset\": [\n      \"\",\n      \"邮件二进制数据源使用的编码，为空表示基于操作系统。\",\n      {\"type\": \"string\"}\n    ]\n  },\n  \"printError\": [\n    true,\n    \"是否在服务器端打印异常信息。\",\n    {\"type\": \"bool\"}\n  ],\n  \"serverId\": [\n    \"00\",\n    \"集群环境下任意两位字符的服务器编号。\",\n    {\"type\": \"string\"}\n  ],\n  \"network\": {\"showSocketError\": [\n    false,\n    \"是否显示WebSocket的Error事件中的错误信息。\",\n    {\"type\": \"bool\"}\n  ]},\n  \"home\": [\n    \"home\",\n    \"主页登录后转到的地址。\",\n    {\"type\": \"string\"}\n  ],\n  \"sendStreamGzip\": [\n    false,\n    \"发送流数据时是否使用GZip压缩。\",\n    {\"type\": \"bool\"}\n  ],\n  \"file\": {\"resourceFiles\": [\n    \"flw,rpt,qry,frm\",\n    \"以逗号分隔的资源文件扩展名列表。\",\n    {\"type\": \"string\"}\n  ]},\n  \"task\": {\n    \"waitFireDelay\": [\n      100,\n      \"获取任务运行时间时等待的时间，单位为毫秒。\",\n      {\"type\": \"int\"}\n    ],\n    \"log\": [\n      true,\n      \"是否记录任务的开始时间、结束时间和异常信息日志。\",\n      {\"type\": \"bool\"}\n    ],\n    \"stopDelay\": [\n      1000,\n      \"计划任务终止时等待结束的时间，单位为毫秒。\",\n      {\"type\": \"int\"}\n    ],\n    \"threadCount\": [\n      10,\n      \"执行计划任务的线程数。\",\n      {\"type\": \"int\"}\n    ],\n    \"enabled\": [\n      false,\n      \"是否允许系统在启动的时候自动启动计划任务。\",\n      {\"type\": \"bool\"}\n    ]\n  },\n  \"optimize\": [\n    false,\n    \"是否最优化系统配置。最优化将关闭调试模式，禁止检查文件更新和禁止消息显示等功能。\",\n    {\"type\": \"bool\"}\n  ],\n  \"serverConsolePrint\": [\n    true,\n    \"是否在服务器控制台中打印信息。\",\n    {\"type\": \"bool\"}\n  ],\n  \"sendGzipMinSize\": [\n    10240,\n    \"发送非流数据时使用GZip压缩的最小字节数，-1表示始终不压缩。\",\n    {\"type\": \"int\"}\n  ],\n  \"service\": {\n    \"preview\": {\n      \"textFontSize\": [\n        \"12px\",\n        \"正文字体大小。\",\n        {\"type\": \"string\"}\n      ],\n      \"headerFontWeight\": [\n        \"400\",\n        \"列标题字体粗细程度。\",\n        {\"type\": \"string\"}\n      ],\n      \"titleLineHeight\": [\n        \"1.6\",\n        \"标题行高。\",\n        {\"type\": \"string\"}\n      ],\n      \"textLineHeight\": [\n        \"1.6\",\n        \"正文行高。\",\n        {\"type\": \"string\"}\n      ],\n      \"titleFontSize\": [\n        \"16px\",\n        \"标题字体大小。\",\n        {\"type\": \"string\"}\n      ],\n      \"titleFontWeight\": [\n        \"bold\",\n        \"标题字体粗细程度。\",\n        {\"type\": \"string\"}\n      ],\n      \"headerBackColor\": [\n        \"\",\n        \"列标题背景色。\",\n        {\"type\": \"string\"}\n      ],\n      \"textFont\": [\n        \"\",\n        \"正文字体，如果为空使用默认字体。\",\n        {\"type\": \"string\"}\n      ],\n      \"titleFont\": [\n        \"\",\n        \"标题字体，如果为空使用默认字体。\",\n        {\"type\": \"string\"}\n      ]\n    },\n    \"excel\": {\n      \"border\": [\n        true,\n        \"是否显示单元格边框线条。\",\n        {\"type\": \"bool\"}\n      ],\n      \"xlsx\": [\n        true,\n        \"Excel默认使用的格式，true使用xlsx，false使用xls。\",\n        {\"type\": \"bool\"}\n      ],\n      \"maxTableRows\": [\n        100000,\n        \"使用Excel生成的表格允许的最大行数，超过该数值将抛出异常。\",\n        {\"type\": \"int\"}\n      ],\n      \"freezePane\": [\n        true,\n        \"是否创建可分割的冻结面板。\",\n        {\"type\": \"bool\"}\n      ],\n      \"flexColumnMaxWidth\": [\n        200,\n        \"flex列最大宽度。\",\n        {\"type\": \"int\"}\n      ],\n      \"header\": {\n        \"fontName\": [\n          \"\",\n          \"字体名称，如果为空使用默认字体。\",\n          {\"type\": \"string\"}\n        ],\n        \"backColor\": [\n          \"浅黄\",\n          \"列标题背景色。\",\n          {\n            \"list\": [\n              \"默认\",\n              \"金色\",\n              \"灰色\",\n              \"浅黄\"\n            ],\n            \"type\": \"enum\"\n          }\n        ],\n        \"fontHeight\": [\n          200,\n          \"字体高度。\",\n          {\"type\": \"int\"}\n        ],\n        \"wrapText\": [\n          false,\n          \"如果标题内容超过单元格长度，是否自动换行。\",\n          {\"type\": \"bool\"}\n        ],\n        \"fontWeight\": [\n          400,\n          \"字体粗细程度。\",\n          {\"type\": \"int\"}\n        ],\n        \"rowHeight\": [\n          1.6,\n          \"标题行高度，如果值小于10表示为字体高度的倍数。\",\n          {\"type\": \"double\"}\n        ]\n      },\n      \"maxTableColumns\": [\n        10000,\n        \"使用Excel生成的表格允许的最大列数，超过该数值将抛出异常。\",\n        {\"type\": \"int\"}\n      ],\n      \"text\": {\n        \"fontName\": [\n          \"\",\n          \"字体名称，如果为空使用默认字体。\",\n          {\"type\": \"string\"}\n        ],\n        \"fontHeight\": [\n          200,\n          \"字体高度。\",\n          {\"type\": \"int\"}\n        ],\n        \"fontWeight\": [\n          400,\n          \"字体粗细程度。\",\n          {\"type\": \"int\"}\n        ],\n        \"rowHeight\": [\n          1.6,\n          \"标题行高度，如果值小于10表示为字体高度的倍数。\",\n          {\"type\": \"double\"}\n        ]\n      },\n      \"title\": {\n        \"fontName\": [\n          \"\",\n          \"字体名称，如果为空使用默认字体。\",\n          {\"type\": \"string\"}\n        ],\n        \"fontHeight\": [\n          240,\n          \"字体高度。\",\n          {\"type\": \"int\"}\n        ],\n        \"align\": [\n          \"居中\",\n          \"标题对齐方式。\",\n          {\n            \"list\": [\n              \"居中\",\n              \"左\",\n              \"右\",\n              \"居中选择\",\n              \"填充\",\n              \"常规\",\n              \"两端对齐\"\n            ],\n            \"type\": \"enum\"\n          }\n        ],\n        \"wrapText\": [\n          true,\n          \"如果标题内容超过单元格长度，是否自动换行。\",\n          {\"type\": \"bool\"}\n        ],\n        \"fontWeight\": [\n          700,\n          \"字体粗细程度。\",\n          {\"type\": \"int\"}\n        ],\n        \"rowHeight\": [\n          2,\n          \"标题行高度，如果值小于10表示为字体高度的倍数。\",\n          {\"type\": \"double\"}\n        ]\n      },\n      \"boolText\": [\n        \"\",\n        \"如果值为布尔值，指定true和false显示的文本。语法为\\u201ctrueText,falseText\\u201d。\",\n        {\"type\": \"string\"}\n      ]\n    },\n    \"upload\": {\n      \"totalMaxSize\": [\n        1048576,\n        \"整个表单合计上传允许的最大KB字节数，-1表示无限制。\",\n        {\"type\": \"int\"}\n      ],\n      \"maxSize\": [\n        -1,\n        \"单个文件上传允许的最大KB字节数，-1表示无限制。\",\n        {\"type\": \"int\"}\n      ],\n      \"bufferSize\": [\n        51200,\n        \"文件上传时小于该字节将使用内存缓存否则使用文件缓存。\",\n        {\"type\": \"int\"}\n      ]\n    },\n    \"allowInstall\": [\n      true,\n      \"是否允许使用安装向导。\",\n      {\"type\": \"bool\"}\n    ]\n  },\n  \"useServletPath\": [\n    true,\n    \"指定是否使用ServetPath获取url路径。\",\n    {\"type\": \"bool\"}\n  ],\n  \"jndi\": {\"default\": [\n    \"java:comp/env/jdbc/ds_mysql\",\n    \"默认使用的数据库连接JNDI\",\n    {\"type\": \"string\"}\n  ]},\n  \"portal\": [\n    \"setup\",\n    \"应用首页URL捷径地址。该变量生效需重启应用服务器。\",\n    {\"type\": \"string\"}\n  ],\n  \"db\": {\n    \"fetchSize\": [\n      -1,\n      \"单次从数据库提取的建议性记录数，-1表示数据库默认值。\",\n      {\"type\": \"int\"}\n    ],\n    \"tableSchemPrefix\": [\n      false,\n      \"在表名列表中是否显示表名前的方案名前缀。\",\n      {\"type\": \"bool\"}\n    ],\n    \"whereUseFloat\": [\n      false,\n      \"在SQL where部分表达式中是否允许使用浮点数类型的字段。\",\n      {\"type\": \"bool\"}\n    ],\n    \"useDouble\": [\n      true,\n      \"对于浮点值类型的字段设置变量参数值时是否强制使用double类型。\",\n      {\"type\": \"bool\"}\n    ],\n    \"batchUpdate\": [\n      false,\n      \"是否允许数据库使用批处理功能。\",\n      {\"type\": \"bool\"}\n    ],\n    \"whereUseDate\": [\n      false,\n      \"在SQL where部分表达式中是否允许使用日期和时间类型的字段。\",\n      {\"type\": \"bool\"}\n    ],\n    \"emptyString\": [\n      \"__@\",\n      \"把该字符串映射为空字符串。\",\n      {\"type\": \"string\"}\n    ],\n    \"forceUpperCase\": [\n      false,\n      \"是否强制把字段名称转换为大写。\",\n      {\"type\": \"bool\"}\n    ],\n    \"stringAsText\": [\n      1000,\n      \"当字符串类型字段长度大于该值时作为文本字段类型处理。\",\n      {\"type\": \"int\"}\n    ],\n    \"defaultType\": [\n      \"\",\n      \"默认数据库类型，可用于SqlSwitcher控件的切换。\",\n      {\n        \"list\": [\n          \"db2\",\n          \"derby\",\n          \"firebird\",\n          \"h2\",\n          \"hsqldb\",\n          \"informix\",\n          \"mysql\",\n          \"oracle\",\n          \"pointbase\",\n          \"postgresql\",\n          \"sqlserver\",\n          \"sybase\",\n          \"teradata\"\n        ],\n        \"type\": \"enum\"\n      }\n    ],\n    \"checkFieldReadOnly\": [\n      true,\n      \"是否检查数据库表中的字段只读属性。\",\n      {\"type\": \"bool\"}\n    ]\n  }\n}}"}]