{"/about":"admin/about.xwl","/empty":"sys/session/empty.xwl","/download-update":"admin/register/download-update.xwl","/ide":"dev/ide.xwl","/dbe":"admin/dbe.xwl","/get-excel":"sys/service/data/get-excel.xwl","/var":"admin/var.xwl","/demo-home":"sys/portal/demo-home.xwl","/im":"my/im.xwl","/get-progress":"sys/service/file/get-progress.xwl","/setup":"admin/setup.xwl","/flow":"dev/flow.xwl","/download":"sys/service/file/download.xwl","/role-selector":"sys/app/role/role-selector.xwl","/dict":"dev/dict.xwl","/log":"admin/log.xwl","/my-flow":"my/my-flow.xwl","/base64-file":"sys/service/data/base64-file.xwl","/read-resource":"sys/service/data/read-resource.xwl","/logout":"sys/session/logout.xwl","/text-editor":"sys/tool/text-editor.xwl","/open-dialog":"sys/tool/file/open-dialog.xwl","/crud":"dev/crud.xwl","/sysinfo":"admin/sysinfo.xwl","/rm":"my/rm.xwl","/select-role":"sys/app/role/select-role.xwl","/index":"sys/portal/index.xwl","/verify-user":"sys/session/verify.xwl","/tdbe":"apps/sys/tools/tdbe.xwl","/docs":"dev/docs.xwl","/user-selector":"sys/app/user/user-selector.xwl","/dept":"admin/dept.xwl","/account":"my/account.xwl","/get-excel-form":"sys/service/data/get-excel-form.xwl","/dbm":"utilities/dbm.xwl","/user":"admin/user.xwl","/tlogin":"sys/session/tlogin.xwl","/upload":"sys/service/file/upload.xwl","/show-title":"dev/community/show-title.xwl","/image-viewer":"sys/tool/image-viewer.xwl","/register":"admin/register.xwl","/login-dialog":"sys/session/login-dialog.xwl","/login":"sys/session/login.xwl","/thome":"sys/portal/thome.xwl","/school":"dev/school.xwl","/use-excel-tpl":"sys/service/data/use-excel-tpl.xwl","/get-app-info":"sys/service/module/get-app-info.xwl","/dept-selector":"sys/app/dept/dept-selector.xwl","/home":"sys/portal/home.xwl","/register-account":"sys/app/user/register-account.xwl","/sn-verify":"admin/register/sn-verify.xwl","/download-at-app":"sys/service/file/download-at-app.xwl","/write-resource":"sys/service/data/write-resource.xwl","/module-selector":"sys/tool/dev/module-selector.xwl","/get-text":"sys/service/data/get-text.xwl","/mixed-selector":"sys/app/misc/mixed-selector.xwl","/perm":"admin/perm.xwl","/create-sn":"admin/register/create-sn.xwl","/cm":"dev/cm.xwl","/get-file":"sys/service/data/get-file.xwl","/login-win":"sys/session/login-win.xwl","/select-user":"sys/app/user/select-user.xwl","/community":"dev/community.xwl","/script-editor":"sys/tool/dev/script-editor.xwl","/kve":"dev/kve.xwl","/upload-dialog":"sys/service/file/upload-dialog.xwl","/user-list":"admin/user-list.xwl","/demo-thome":"sys/portal/demo-thome.xwl","/tfile":"apps/sys/tools/tfile.xwl","/title-list":"dev/community/title-list.xwl","/person":"admin/person.xwl","/file":"sys/tool/file.xwl","/check-update":"admin/register/check-update.xwl","/role":"admin/role.xwl","/transfer":"sys/service/data/transfer.xwl","/script-win":"sys/tool/dev/script-win.xwl","/task":"admin/task.xwl","/wb-verify":"admin/register/wb-verify.xwl","/update":"admin/register/update.xwl"}